{"epoch": 16, "_timestamp": 1671370483.9312584, "loss": 99277.109375, "mse": 99277.109375, "correlation": 0.5467695593833923, "val_loss": 104700.2578125, "val_mse": 104700.2578125, "val_correlation": 0.5310410857200623, "lr": 8.000000889296643e-06, "_runtime": 12744.933999538422, "_step": 16, "best_val_loss": 101096.890625, "best_epoch": 4, "_wandb": {"runtime": 61858}}