{"epoch": 20, "_timestamp": 1671099436.4488165, "loss": 64253.8359375, "mse": 64253.8359375, "correlation": 0.5656458139419556, "val_loss": 64872.94140625, "val_mse": 64872.94140625, "val_correlation": 0.520271897315979, "lr": 8.000000889296643e-06, "_runtime": 17770.96594643593, "_step": 20, "best_val_loss": 63428.14453125, "best_epoch": 8, "_wandb": {"runtime": 89432}}