{"epoch": 24, "_timestamp": 1671409760.632694, "loss": 109479.34375, "mse": 109479.34375, "correlation": 0.5518190264701843, "val_loss": 106562.453125, "val_mse": 106562.453125, "val_correlation": 0.5536037683486938, "lr": 3.200000264769187e-07, "_runtime": 20198.252171993256, "_step": 24, "best_val_loss": 106334.0078125, "best_epoch": 12, "_wandb": {"runtime": 73120}}