{"epoch": 29, "_timestamp": 1671047973.7466536, "loss": 111239.6328125, "mse": 111239.6328125, "correlation": 0.5422984957695007, "val_loss": 113747.65625, "val_mse": 113747.65625, "val_correlation": 0.5329508185386658, "lr": 6.400000529538374e-08, "_runtime": 36839.8472366333, "_step": 29, "best_val_loss": 113558.1640625, "best_epoch": 17, "_wandb": {"runtime": 91015}}