{"epoch": 12, "_timestamp": 1671270383.5221028, "loss": 69308.5703125, "mse": 69308.5703125, "correlation": 0.4769452214241028, "val_loss": 64316.2578125, "val_mse": 64316.2578125, "val_correlation": 0.45346009731292725, "lr": 4.0000002627493814e-05, "_runtime": 11182.529662847519, "_step": 12, "best_val_loss": 63722.15625, "best_epoch": 11}