{"epoch": 21, "_timestamp": 1671320632.151361, "loss": 67726.8046875, "mse": 67726.8046875, "correlation": 0.5181545615196228, "val_loss": 65170.49609375, "val_mse": 65170.49609375, "val_correlation": 0.5373625159263611, "lr": 1.6000001323845936e-06, "_runtime": 18089.264235973358, "_step": 21, "best_val_loss": 64290.71484375, "best_epoch": 9, "_wandb": {"runtime": 64562}}