{"epoch": 16, "_timestamp": 1671113561.2989638, "loss": 102230.1328125, "mse": 102230.1328125, "correlation": 0.352435439825058, "val_loss": 99714.9921875, "val_mse": 99714.9921875, "val_correlation": 0.22253990173339844, "lr": 8.000000889296643e-06, "_runtime": 14207.031092882156, "_step": 16, "best_val_loss": 94920.1171875, "best_epoch": 4, "_wandb": {"runtime": 84324}}