{"epoch": 13, "_timestamp": 1671334000.9815385, "loss": 88491.7890625, "mse": 88491.7890625, "correlation": 0.4913392961025238, "val_loss": 78314.5625, "val_mse": 78314.5625, "val_correlation": 0.4386354684829712, "lr": 8.000000889296643e-06, "_runtime": 11891.065802574158, "_step": 13, "best_val_loss": 76866.96875, "best_epoch": 1, "_wandb": {"runtime": 67364}}