{"epoch": 12, "_timestamp": 1671269807.2938058, "loss": 121105.015625, "mse": 121105.015625, "correlation": 0.48067352175712585, "val_loss": 120968.4375, "val_mse": 120968.4375, "val_correlation": 0.48478201031684875, "lr": 4.0000002627493814e-05, "_runtime": 11526.816312789917, "_step": 12, "best_val_loss": 119733.625, "best_epoch": 8}