{"epoch": 15, "_timestamp": 1671269648.086776, "loss": 89337.0703125, "mse": 89337.0703125, "correlation": 0.2282504141330719, "val_loss": 80235.3046875, "val_mse": 80235.3046875, "val_correlation": 0.1279623806476593, "lr": 8.000000889296643e-06, "_runtime": 15073.24895811081, "_step": 15, "best_val_loss": 79250.3984375, "best_epoch": 3}