{"epoch": 14, "_timestamp": 1671264215.9613256, "loss": 96061.6484375, "mse": 96061.6484375, "correlation": 0.41851937770843506, "val_loss": 96597.2421875, "val_mse": 96597.2421875, "val_correlation": 0.3937346637248993, "lr": 8.000000889296643e-06, "_runtime": 14094.802592754364, "_step": 14, "best_val_loss": 94668.71875, "best_epoch": 2, "_wandb": {"runtime": 67755}}