{"epoch": 18, "_timestamp": 1670962472.8633823, "loss": 52816.03515625, "mse": 52816.03515625, "correlation": 0.6618536114692688, "val_loss": 86564.234375, "val_mse": 86564.234375, "val_correlation": 0.49299708008766174, "lr": 8.000000889296643e-06, "_runtime": 14826.198018312454, "_step": 18, "best_val_loss": 82391.8046875, "best_epoch": 6, "_wandb": {"runtime": 14825}}