{"epoch": 20, "_timestamp": 1671198895.9398425, "loss": 55883.72265625, "mse": 55883.72265625, "correlation": 0.5966585278511047, "val_loss": 104883.953125, "val_mse": 104883.953125, "val_correlation": 0.177260622382164, "lr": 8.000000889296643e-06, "_runtime": 27491.229174375534, "_step": 20, "best_val_loss": 92472.96875, "best_epoch": 8, "_wandb": {"runtime": 86955}}