{"epoch": 18, "_timestamp": 1671340136.7374716, "loss": 86181.9296875, "mse": 86181.9296875, "correlation": 0.5422088503837585, "val_loss": 85825.71875, "val_mse": 85825.71875, "val_correlation": 0.5283927321434021, "lr": 1.6000001323845936e-06, "_runtime": 17391.20916867256, "_step": 18, "best_val_loss": 85530.3203125, "best_epoch": 6, "_wandb": {"runtime": 70015}}