{"epoch": 21, "_timestamp": 1671203486.3063223, "loss": 76952.4765625, "mse": 76952.4765625, "correlation": 0.3803034722805023, "val_loss": 75373.0703125, "val_mse": 75373.0703125, "val_correlation": 0.2045060098171234, "lr": 1.6000001323845936e-06, "_runtime": 30349.483916282654, "_step": 21, "best_val_loss": 73928.2734375, "best_epoch": 9, "_wandb": {"runtime": 85884}}