{"epoch": 11, "_timestamp": 1671269766.580914, "loss": 65731.2421875, "mse": 65731.2421875, "correlation": 0.48960140347480774, "val_loss": 64484.0546875, "val_mse": 64484.0546875, "val_correlation": 0.4536864459514618, "lr": 4.0000002627493814e-05, "_runtime": 10631.781116008759, "_step": 11, "best_val_loss": 62872.70703125, "best_epoch": 2}