{"epoch": 23, "_timestamp": 1671126147.7753913, "loss": 96113.125, "mse": 96113.125, "correlation": 0.4611286520957947, "val_loss": 124871.109375, "val_mse": 124871.109375, "val_correlation": 0.2412596195936203, "lr": 1.6000001323845936e-06, "_runtime": 23894.33925843239, "_step": 23, "best_val_loss": 122162.0703125, "best_epoch": 11, "_wandb": {"runtime": 94499}}