{"epoch": 2, "_timestamp": 1670585612.248605, "loss": 101710.640625, "mse": 101710.640625, "val_loss": 111157.4140625, "val_mse": 111157.4140625, "lr": 0.0010000000474974513, "_runtime": 4519.557868003845, "_step": 2, "best_val_loss": 109656.7890625, "best_epoch": 1}