{"epoch": 0, "_timestamp": 1671548510.7485595, "loss": 143290.59375, "mse": 143290.59375, "correlation": 0.3681009113788605, "val_loss": 128850.4140625, "val_mse": 128850.4140625, "val_correlation": 0.417633980512619, "lr": 0.0010000000474974513, "_runtime": 932.5373184680939, "_step": 0, "best_val_loss": 128850.4140625, "best_epoch": 0}