{"epoch": 16, "_timestamp": 1671197087.9158845, "loss": 131415.296875, "mse": 131415.296875, "correlation": 0.40696316957473755, "val_loss": 141237.421875, "val_mse": 141237.421875, "val_correlation": 0.35006752610206604, "lr": 8.000000889296643e-06, "_runtime": 22789.844588518143, "_step": 16, "best_val_loss": 139867.0, "best_epoch": 4, "_wandb": {"runtime": 69862}}