{"epoch": 26, "_timestamp": 1670692280.0422907, "loss": 63662.94921875, "mse": 63662.94921875, "val_loss": 83589.8203125, "val_mse": 83589.8203125, "lr": 3.200000264769187e-07, "_runtime": 27322.143392801285, "_step": 26, "best_val_loss": 82198.71875, "best_epoch": 14, "_wandb": {"runtime": 27321}}