{"epoch": 6, "_timestamp": 1671549030.816939, "loss": 112245.796875, "mse": 112245.796875, "correlation": 0.4399993419647217, "val_loss": 107987.890625, "val_mse": 107987.890625, "val_correlation": 0.44989511370658875, "lr": 0.0010000000474974513, "_runtime": 6034.464614152908, "_step": 6, "best_val_loss": 103420.6953125, "best_epoch": 5}