{"epoch": 23, "_timestamp": 1671372689.7508574, "loss": 53654.5625, "mse": 53654.5625, "correlation": 0.6354073286056519, "val_loss": 78016.2578125, "val_mse": 78016.2578125, "val_correlation": 0.43318283557891846, "lr": 8.000000889296643e-06, "_runtime": 17887.122301340103, "_step": 23, "best_val_loss": 70845.6640625, "best_epoch": 11, "_wandb": {"runtime": 69333}}