{"epoch": 19, "_timestamp": 1671103942.2210634, "loss": 110694.65625, "mse": 110694.65625, "correlation": 0.5452320575714111, "val_loss": 115510.0, "val_mse": 115510.0, "val_correlation": 0.569041907787323, "lr": 1.6000001323845936e-06, "_runtime": 17917.011067390442, "_step": 19, "best_val_loss": 113805.71875, "best_epoch": 7, "_wandb": {"runtime": 70185}}