{"epoch": 14, "_timestamp": 1671198251.326167, "loss": 106872.1640625, "mse": 106872.1640625, "correlation": 0.4808105528354645, "val_loss": 111988.078125, "val_mse": 111988.078125, "val_correlation": 0.39576905965805054, "lr": 8.000000889296643e-06, "_runtime": 24231.116239070892, "_step": 14, "best_val_loss": 110947.9296875, "best_epoch": 2, "_wandb": {"runtime": 80434}}