{"epoch": 21, "_timestamp": 1671118681.3030741, "loss": 103993.4921875, "mse": 103993.4921875, "correlation": 0.5160555839538574, "val_loss": 108481.2421875, "val_mse": 108481.2421875, "val_correlation": 0.4144800007343292, "lr": 1.6000001323845936e-06, "_runtime": 19990.435834169388, "_step": 21, "best_val_loss": 106884.921875, "best_epoch": 9, "_wandb": {"runtime": 72490}}