{"epoch": 5, "_timestamp": 1671270356.7469451, "loss": 92237.21875, "mse": 92237.21875, "correlation": 0.4577983319759369, "val_loss": 85037.890625, "val_mse": 85037.890625, "val_correlation": 0.5147691369056702, "lr": 0.0010000000474974513, "_runtime": 5159.0183782577515, "_step": 5, "best_val_loss": 85037.890625, "best_epoch": 5}