{"epoch": 22, "_timestamp": 1671041170.3595407, "loss": 97127.8671875, "mse": 97127.8671875, "correlation": 0.5601665377616882, "val_loss": 107034.0, "val_mse": 107034.0, "val_correlation": 0.5526874661445618, "lr": 1.6000001323845936e-06, "_runtime": 29441.669524669647, "_step": 22, "best_val_loss": 106214.0390625, "best_epoch": 10, "_wandb": {"runtime": 83028}}