{"epoch": 30, "_timestamp": 1671046575.381776, "loss": 84511.84375, "mse": 84511.84375, "correlation": 0.6268916726112366, "val_loss": 83112.484375, "val_mse": 83112.484375, "val_correlation": 0.5695773959159851, "lr": 3.200000264769187e-07, "_runtime": 35875.33207201958, "_step": 30, "best_val_loss": 81554.765625, "best_epoch": 18, "_wandb": {"runtime": 103281}}