{"epoch": 23, "_timestamp": 1671040644.807459, "loss": 50703.6953125, "mse": 50703.6953125, "correlation": 0.6604293584823608, "val_loss": 78489.421875, "val_mse": 78489.421875, "val_correlation": 0.4456093907356262, "lr": 8.000000889296643e-06, "_runtime": 28994.404667139053, "_step": 23, "best_val_loss": 69785.8046875, "best_epoch": 11, "_wandb": {"runtime": 82980}}