{"epoch": 20, "_timestamp": 1671117237.7757127, "loss": 70683.640625, "mse": 70683.640625, "correlation": 0.42767757177352905, "val_loss": 77146.0390625, "val_mse": 77146.0390625, "val_correlation": 0.37724435329437256, "lr": 1.6000001323845936e-06, "_runtime": 18787.797040700912, "_step": 20, "best_val_loss": 74937.8515625, "best_epoch": 8, "_wandb": {"runtime": 74734}}