{"epoch": 20, "_timestamp": 1671267459.6856124, "loss": 100214.8359375, "mse": 100214.8359375, "correlation": 0.5298466682434082, "val_loss": 103444.375, "val_mse": 103444.375, "val_correlation": 0.3967018127441406, "lr": 8.000000889296643e-06, "_runtime": 16768.371436357498, "_step": 20, "best_val_loss": 98836.4140625, "best_epoch": 8}