{"epoch": 17, "_timestamp": 1671102978.1412745, "loss": 86780.1015625, "mse": 86780.1015625, "correlation": 0.5376365184783936, "val_loss": 84434.203125, "val_mse": 84434.203125, "val_correlation": 0.5193993449211121, "lr": 1.6000001323845936e-06, "_runtime": 16953.080229520798, "_step": 17, "best_val_loss": 84290.890625, "best_epoch": 5, "_wandb": {"runtime": 73830}}