{"epoch": 31, "_timestamp": 1670976231.7762418, "loss": 63715.07421875, "mse": 63715.07421875, "correlation": 0.5598741769790649, "val_loss": 51176.29296875, "val_mse": 51176.29296875, "val_correlation": 0.6074934601783752, "lr": 1.2800001059076749e-08, "_runtime": 25591.757630825043, "_step": 31, "best_val_loss": 49839.6171875, "best_epoch": 27}