{"epoch": 39, "_timestamp": 1671358003.698844, "loss": 111178.7890625, "mse": 111178.7890625, "correlation": 0.5417119860649109, "val_loss": 107163.96875, "val_mse": 107163.96875, "val_correlation": 0.5500127673149109, "lr": 2.5600002118153498e-09, "_runtime": 35037.54402899742, "_step": 39, "best_val_loss": 105871.9921875, "best_epoch": 27, "_wandb": {"runtime": 96446}}