{"epoch": 39, "_timestamp": 1671355773.917676, "loss": 63907.25390625, "mse": 63907.25390625, "correlation": 0.5583660006523132, "val_loss": 60722.40234375, "val_mse": 60722.40234375, "val_correlation": 0.561468243598938, "lr": 2.5600002118153498e-09, "_runtime": 32276.538681030273, "_step": 39, "best_val_loss": 59535.53125, "best_epoch": 27, "_wandb": {"runtime": 77225}}