{"epoch": 14, "_timestamp": 1671187602.9416053, "loss": 80542.3046875, "mse": 80542.3046875, "correlation": 0.3635961413383484, "val_loss": 89698.28125, "val_mse": 89698.28125, "val_correlation": 0.41456711292266846, "lr": 8.000000889296643e-06, "_runtime": 16227.174626350403, "_step": 14, "best_val_loss": 88108.2421875, "best_epoch": 2, "_wandb": {"runtime": 89527}}