{"epoch": 15, "_timestamp": 1671034139.8335695, "loss": 64736.50390625, "mse": 64736.50390625, "correlation": 0.502508819103241, "val_loss": 82788.1484375, "val_mse": 82788.1484375, "val_correlation": 0.47473469376564026, "lr": 8.000000889296643e-06, "_runtime": 22517.411247491837, "_step": 15, "best_val_loss": 77167.8359375, "best_epoch": 3, "_wandb": {"runtime": 69915}}