{"epoch": 22, "_timestamp": 1671107709.0757985, "loss": 104165.171875, "mse": 104165.171875, "correlation": 0.6087084412574768, "val_loss": 100103.75, "val_mse": 100103.75, "val_correlation": 0.570270299911499, "lr": 1.6000001323845936e-06, "_runtime": 18011.593247413635, "_step": 22, "best_val_loss": 99604.7421875, "best_epoch": 10, "_wandb": {"runtime": 131766}}