{"epoch": 19, "_timestamp": 1671343088.0241928, "loss": 78062.2265625, "mse": 78062.2265625, "correlation": 0.5307133793830872, "val_loss": 90157.34375, "val_mse": 90157.34375, "val_correlation": 0.38167256116867065, "lr": 8.000000889296643e-06, "_runtime": 21279.2575879097, "_step": 19, "best_val_loss": 86373.1796875, "best_epoch": 7, "_wandb": {"runtime": 85671}}