{"epoch": 22, "_timestamp": 1671126483.966572, "loss": 69208.3125, "mse": 69208.3125, "correlation": 0.5171399712562561, "val_loss": 76591.6171875, "val_mse": 76591.6171875, "val_correlation": 0.3973206579685211, "lr": 1.6000001323845936e-06, "_runtime": 24645.84482693672, "_step": 22, "best_val_loss": 73647.2265625, "best_epoch": 10, "_wandb": {"runtime": 72476}}