{"epoch": 27, "_timestamp": 1671045998.8658516, "loss": 101644.34375, "mse": 101644.34375, "correlation": 0.6210861206054688, "val_loss": 96802.2578125, "val_mse": 96802.2578125, "val_correlation": 0.633985698223114, "lr": 3.200000264769187e-07, "_runtime": 34864.96646857262, "_step": 27, "best_val_loss": 96652.3203125, "best_epoch": 15, "_wandb": {"runtime": 90596}}