{"epoch": 20, "_timestamp": 1671036181.4376857, "loss": 104909.84375, "mse": 104909.84375, "correlation": 0.5092087984085083, "val_loss": 104933.328125, "val_mse": 104933.328125, "val_correlation": 0.3771568834781647, "lr": 1.6000001323845936e-06, "_runtime": 25719.543746709824, "_step": 20, "best_val_loss": 103436.0625, "best_epoch": 8, "_wandb": {"runtime": 68093}}