{"epoch": 17, "_timestamp": 1671306433.480212, "loss": 96369.8828125, "mse": 96369.8828125, "correlation": 0.4589923024177551, "val_loss": 106027.703125, "val_mse": 106027.703125, "val_correlation": 0.37817031145095825, "lr": 8.000000889296643e-06, "_runtime": 17034.023335933685, "_step": 17, "best_val_loss": 102787.921875, "best_epoch": 5, "_wandb": {"runtime": 74067}}