{"epoch": 14, "_timestamp": 1671270141.139033, "loss": 98218.8515625, "mse": 98218.8515625, "correlation": 0.5536276698112488, "val_loss": 98876.078125, "val_mse": 98876.078125, "val_correlation": 0.482253760099411, "lr": 4.0000002627493814e-05, "_runtime": 10595.56296300888, "_step": 14, "best_val_loss": 97819.1484375, "best_epoch": 7}