{"epoch": 21, "_timestamp": 1670770830.1678808, "loss": 60397.16796875, "mse": 60397.16796875, "pearsonR": 3.8900909423828125, "val_loss": 91967.3515625, "val_mse": 91967.3515625, "val_pearsonR": 5.247583389282227, "lr": 8.000000889296643e-06, "_runtime": 16442.97385287285, "_step": 21, "best_val_loss": 87874.0, "best_epoch": 9, "_wandb": {"runtime": 16441}}