{"epoch": 20, "_timestamp": 1671201340.9409869, "loss": 94871.3828125, "mse": 94871.3828125, "correlation": 0.5751723051071167, "val_loss": 120050.0546875, "val_mse": 120050.0546875, "val_correlation": 0.31664034724235535, "lr": 8.000000889296643e-06, "_runtime": 28034.746770858765, "_step": 20, "best_val_loss": 107668.9921875, "best_epoch": 8, "_wandb": {"runtime": 83368}}