{"epoch": 12, "_timestamp": 1671328375.2181149, "loss": 105637.09375, "mse": 105637.09375, "correlation": 0.5039383769035339, "val_loss": 105968.5703125, "val_mse": 105968.5703125, "val_correlation": 0.4247228503227234, "lr": 8.000000889296643e-06, "_runtime": 10353.600817918777, "_step": 12, "best_val_loss": 101290.78125, "best_epoch": 0, "_wandb": {"runtime": 70979}}