{"epoch": 16, "_timestamp": 1671338071.5671575, "loss": 84820.59375, "mse": 84820.59375, "correlation": 0.6248764395713806, "val_loss": 82857.4453125, "val_mse": 82857.4453125, "val_correlation": 0.6215692162513733, "lr": 8.000000889296643e-06, "_runtime": 15613.46549654007, "_step": 16, "best_val_loss": 82276.6875, "best_epoch": 4, "_wandb": {"runtime": 78545}}