{"epoch": 16, "_timestamp": 1671303714.4732108, "loss": 122378.734375, "mse": 122378.734375, "correlation": 0.5112987756729126, "val_loss": 130470.3359375, "val_mse": 130470.3359375, "val_correlation": 0.5126283168792725, "lr": 8.000000889296643e-06, "_runtime": 13635.714532852173, "_step": 16, "best_val_loss": 128024.5390625, "best_epoch": 4, "_wandb": {"runtime": 67548}}