{"epoch": 21, "_timestamp": 1671097400.8004193, "loss": 67182.2109375, "mse": 67182.2109375, "correlation": 0.6515380144119263, "val_loss": 73635.8359375, "val_mse": 73635.8359375, "val_correlation": 0.6427978277206421, "lr": 8.000000889296643e-06, "_runtime": 18473.86948132515, "_step": 21, "best_val_loss": 71284.9765625, "best_epoch": 9, "_wandb": {"runtime": 74959}}