{"epoch": 23, "_timestamp": 1671111223.0216265, "loss": 80125.3359375, "mse": 80125.3359375, "correlation": 0.3690808415412903, "val_loss": 78896.5078125, "val_mse": 78896.5078125, "val_correlation": 0.4058476388454437, "lr": 1.6000001323845936e-06, "_runtime": 21527.95654940605, "_step": 23, "best_val_loss": 77712.625, "best_epoch": 11, "_wandb": {"runtime": 65207}}