{"epoch": 18, "_timestamp": 1670936328.1496825, "loss": 62560.0859375, "mse": 62560.0859375, "correlation": 0.5739327669143677, "val_loss": 68819.9140625, "val_mse": 68819.9140625, "val_correlation": 0.46279942989349365, "lr": 8.000000889296643e-06, "_runtime": 14517.022346496582, "_step": 18, "best_val_loss": 67458.9765625, "best_epoch": 6, "_wandb": {"runtime": 14516}}