{"epoch": 20, "_timestamp": 1671356342.4060602, "loss": 59063.265625, "mse": 59063.265625, "correlation": 0.5638726353645325, "val_loss": 65781.4296875, "val_mse": 65781.4296875, "val_correlation": 0.5564587116241455, "lr": 1.6000001323845936e-06, "_runtime": 16990.210233211517, "_step": 20, "best_val_loss": 64386.25, "best_epoch": 8, "_wandb": {"runtime": 74481}}