{"epoch": 27, "_timestamp": 1671044034.4953492, "loss": 73516.90625, "mse": 73516.90625, "correlation": 0.6078543066978455, "val_loss": 76267.3984375, "val_mse": 76267.3984375, "val_correlation": 0.5949079990386963, "lr": 1.6000001323845936e-06, "_runtime": 33366.35767412186, "_step": 27, "best_val_loss": 75307.984375, "best_epoch": 15, "_wandb": {"runtime": 100823}}