{"epoch": 12, "_timestamp": 1671269667.244614, "loss": 66829.7578125, "mse": 66829.7578125, "correlation": 0.5299503803253174, "val_loss": 61058.3125, "val_mse": 61058.3125, "val_correlation": 0.4711551070213318, "lr": 0.00020000000949949026, "_runtime": 11203.135893821716, "_step": 12, "best_val_loss": 58367.921875, "best_epoch": 10}