{"epoch": 35, "_timestamp": 1671355108.9538357, "loss": 69476.7578125, "mse": 69476.7578125, "correlation": 0.5142087340354919, "val_loss": 67622.09375, "val_mse": 67622.09375, "val_correlation": 0.5315023064613342, "lr": 1.2800001059076749e-08, "_runtime": 32362.738785743713, "_step": 35, "best_val_loss": 67115.7578125, "best_epoch": 23, "_wandb": {"runtime": 85384}}