{"epoch": 0, "_timestamp": 1671548990.8483868, "loss": 76449.734375, "mse": 76449.734375, "correlation": 0.42261645197868347, "val_loss": 70315.765625, "val_mse": 70315.765625, "val_correlation": 0.5423921346664429, "lr": 0.0010000000474974513, "_runtime": 1011.3481488227844, "_step": 0, "best_val_loss": 70315.765625, "best_epoch": 0}