{"epoch": 18, "_timestamp": 1671037368.204951, "loss": 62580.81640625, "mse": 62580.81640625, "correlation": 0.5514572858810425, "val_loss": 62466.875, "val_mse": 62466.875, "val_correlation": 0.5126430988311768, "lr": 8.000000889296643e-06, "_runtime": 27259.03146004677, "_step": 18, "best_val_loss": 61288.0859375, "best_epoch": 6, "_wandb": {"runtime": 88766}}