{"epoch": 16, "_timestamp": 1671301276.0040112, "loss": 120988.5234375, "mse": 120988.5234375, "correlation": 0.48244673013687134, "val_loss": 126907.4609375, "val_mse": 126907.4609375, "val_correlation": 0.49057427048683167, "lr": 8.000000889296643e-06, "_runtime": 11678.675096035004, "_step": 16, "best_val_loss": 124367.875, "best_epoch": 4, "_wandb": {"runtime": 65103}}