{"epoch": 22, "_timestamp": 1671203606.8823738, "loss": 83033.9375, "mse": 83033.9375, "correlation": 0.5365656018257141, "val_loss": 89593.2421875, "val_mse": 89593.2421875, "val_correlation": 0.3963298499584198, "lr": 8.000000889296643e-06, "_runtime": 30108.317682743073, "_step": 22, "best_val_loss": 87699.1484375, "best_epoch": 10, "_wandb": {"runtime": 96344}}