{"epoch": 22, "_timestamp": 1670861294.9568267, "loss": 64144.51171875, "mse": 64144.51171875, "correlation": 0.5575821399688721, "val_loss": 70746.25, "val_mse": 70746.25, "val_correlation": 0.5623309016227722, "lr": 1.6000001323845936e-06, "_runtime": 20579.887080669403, "_step": 22, "best_val_loss": 69520.359375, "best_epoch": 10, "_wandb": {"runtime": 20579}}