{"epoch": 4, "_timestamp": 1671548841.176781, "loss": 91833.96875, "mse": 91833.96875, "correlation": 0.16675230860710144, "val_loss": 87966.7578125, "val_mse": 87966.7578125, "val_correlation": 0.1786310225725174, "lr": 0.0010000000474974513, "_runtime": 4617.125773906708, "_step": 4, "best_val_loss": 87966.7578125, "best_epoch": 4}