{"epoch": 29, "_timestamp": 1671412184.7745728, "loss": 68841.9921875, "mse": 68841.9921875, "correlation": 0.5207168459892273, "val_loss": 65630.1484375, "val_mse": 65630.1484375, "val_correlation": 0.580154299736023, "lr": 1.2800001059076749e-08, "_runtime": 23297.267073869705, "_step": 29, "best_val_loss": 64279.3203125, "best_epoch": 17, "_wandb": {"runtime": 83505}}