{"epoch": 20, "_timestamp": 1671383998.467057, "loss": 71431.5703125, "mse": 71431.5703125, "correlation": 0.6228883266448975, "val_loss": 64861.2265625, "val_mse": 64861.2265625, "val_correlation": 0.5679777264595032, "lr": 1.6000001323845936e-06, "_runtime": 16789.472259044647, "_step": 20, "best_val_loss": 64840.41015625, "best_epoch": 8, "_wandb": {"runtime": 49525}}