{"epoch": 20, "_timestamp": 1671303576.8166335, "loss": 88792.7265625, "mse": 88792.7265625, "correlation": 0.24663594365119934, "val_loss": 85553.1953125, "val_mse": 85553.1953125, "val_correlation": 0.2034750133752823, "lr": 1.6000001323845936e-06, "_runtime": 16377.532516479492, "_step": 20, "best_val_loss": 84080.390625, "best_epoch": 8, "_wandb": {"runtime": 52043}}