{"epoch": 23, "_timestamp": 1670868266.5149002, "loss": 58886.734375, "mse": 58886.734375, "correlation": 0.6147761344909668, "val_loss": 79035.3125, "val_mse": 79035.3125, "val_correlation": 0.4534200131893158, "lr": 3.200000264769187e-07, "_runtime": 19244.82882618904, "_step": 23, "best_val_loss": 77440.2421875, "best_epoch": 11, "_wandb": {"runtime": 19244}}