{"epoch": 19, "_timestamp": 1671266586.954696, "loss": 115427.125, "mse": 115427.125, "correlation": 0.43108946084976196, "val_loss": 111174.6953125, "val_mse": 111174.6953125, "val_correlation": 0.29535919427871704, "lr": 1.6000001323845936e-06, "_runtime": 17644.06728196144, "_step": 19, "best_val_loss": 110593.2421875, "best_epoch": 7, "_wandb": {"runtime": 65155}}