{"epoch": 13, "_timestamp": 1671110171.8667488, "loss": 79477.5390625, "mse": 79477.5390625, "correlation": 0.3410104811191559, "val_loss": 75399.78125, "val_mse": 75399.78125, "val_correlation": 0.18515171110630035, "lr": 8.000000889296643e-06, "_runtime": 11598.450063705444, "_step": 13, "best_val_loss": 70802.2421875, "best_epoch": 1, "_wandb": {"runtime": 59996}}