{"epoch": 1, "_timestamp": 1671549271.2496471, "loss": 129586.2890625, "mse": 129586.2890625, "correlation": 0.4218994677066803, "val_loss": 122456.21875, "val_mse": 122456.21875, "val_correlation": 0.4792517125606537, "lr": 0.0010000000474974513, "_runtime": 1918.7019970417023, "_step": 1, "best_val_loss": 122456.21875, "best_epoch": 1}