{"epoch": 37, "_timestamp": 1670652634.4276721, "loss": 64748.3359375, "mse": 64748.3359375, "val_loss": 59114.484375, "val_mse": 59114.484375, "lr": 1.2800001059076749e-08, "_runtime": 32053.476073265076, "_step": 37, "best_val_loss": 58313.3828125, "best_epoch": 25, "_wandb": {"runtime": 32053}}