{"epoch": 13, "_timestamp": 1671029965.828181, "loss": 65529.5390625, "mse": 65529.5390625, "correlation": 0.49325811862945557, "val_loss": 70316.734375, "val_mse": 70316.734375, "val_correlation": 0.35348591208457947, "lr": 8.000000889296643e-06, "_runtime": 20274.17491197586, "_step": 13, "best_val_loss": 66205.0859375, "best_epoch": 1, "_wandb": {"runtime": 59638}}