{"epoch": 0, "_timestamp": 1671549066.4689429, "loss": 76799.609375, "mse": 76799.609375, "correlation": 0.341126948595047, "val_loss": 75957.5, "val_mse": 75957.5, "val_correlation": 0.49771296977996826, "lr": 0.0010000000474974513, "_runtime": 1005.9944097995758, "_step": 0, "best_val_loss": 75957.5, "best_epoch": 0}