{"epoch": 18, "_timestamp": 1671201842.7780623, "loss": 87093.609375, "mse": 87093.609375, "correlation": 0.5351926684379578, "val_loss": 111826.421875, "val_mse": 111826.421875, "val_correlation": 0.335268497467041, "lr": 8.000000889296643e-06, "_runtime": 27596.708024263382, "_step": 18, "best_val_loss": 107789.3359375, "best_epoch": 6, "_wandb": {"runtime": 83747}}