{"epoch": 17, "_timestamp": 1670899320.7776155, "loss": 54472.19921875, "mse": 54472.19921875, "correlation": 0.6510082483291626, "val_loss": 62642.85546875, "val_mse": 62642.85546875, "val_correlation": 0.4907485246658325, "lr": 8.000000889296643e-06, "_runtime": 17772.114266633987, "_step": 17, "best_val_loss": 60460.9609375, "best_epoch": 5, "_wandb": {"runtime": 17771}}