{"epoch": 17, "_timestamp": 1671036243.8476403, "loss": 76790.5234375, "mse": 76790.5234375, "correlation": 0.5406702160835266, "val_loss": 84819.6328125, "val_mse": 84819.6328125, "val_correlation": 0.5477122068405151, "lr": 1.6000001323845936e-06, "_runtime": 24320.48836517334, "_step": 17, "best_val_loss": 83923.6484375, "best_epoch": 5, "_wandb": {"runtime": 75049}}