{"epoch": 17, "_timestamp": 1671033445.4441981, "loss": 71524.7109375, "mse": 71524.7109375, "correlation": 0.5847191214561462, "val_loss": 102094.828125, "val_mse": 102094.828125, "val_correlation": 0.40129968523979187, "lr": 8.000000889296643e-06, "_runtime": 22931.907850027084, "_step": 17, "best_val_loss": 91749.546875, "best_epoch": 5, "_wandb": {"runtime": 76264}}