{"epoch": 28, "_timestamp": 1670865659.8568852, "loss": 62792.66015625, "mse": 62792.66015625, "correlation": 0.5678597688674927, "val_loss": 67278.6015625, "val_mse": 67278.6015625, "val_correlation": 0.4731932580471039, "lr": 3.200000264769187e-07, "_runtime": 24273.51919221878, "_step": 28, "best_val_loss": 66543.71875, "best_epoch": 16, "_wandb": {"runtime": 24273}}