{"epoch": 21, "_timestamp": 1671407300.058399, "loss": 93610.890625, "mse": 93610.890625, "correlation": 0.6590449213981628, "val_loss": 107684.2578125, "val_mse": 107684.2578125, "val_correlation": 0.6093260645866394, "lr": 8.000000889296643e-06, "_runtime": 17340.717663049698, "_step": 21, "best_val_loss": 104311.7578125, "best_epoch": 9, "_wandb": {"runtime": 79692}}