{"epoch": 14, "_timestamp": 1671187523.7472844, "loss": 97104.2578125, "mse": 97104.2578125, "correlation": 0.32381877303123474, "val_loss": 89649.0, "val_mse": 89649.0, "val_correlation": 0.195364311337471, "lr": 8.000000889296643e-06, "_runtime": 14132.2510035038, "_step": 14, "best_val_loss": 87514.34375, "best_epoch": 2, "_wandb": {"runtime": 86055}}