{"epoch": 18, "_timestamp": 1671118787.537924, "loss": 96396.5546875, "mse": 96396.5546875, "correlation": 0.5557846426963806, "val_loss": 109228.859375, "val_mse": 109228.859375, "val_correlation": 0.44770437479019165, "lr": 8.000000889296643e-06, "_runtime": 18152.335561037064, "_step": 18, "best_val_loss": 105943.703125, "best_epoch": 6, "_wandb": {"runtime": 61747}}