{"epoch": 39, "_timestamp": 1671114606.9410348, "loss": 88898.421875, "mse": 88898.421875, "correlation": 0.6009773015975952, "val_loss": 86680.2421875, "val_mse": 86680.2421875, "val_correlation": 0.6013339757919312, "lr": 2.5600002118153498e-09, "_runtime": 35606.89413189888, "_step": 39, "best_val_loss": 84777.6640625, "best_epoch": 27, "_wandb": {"runtime": 87098}}