{"epoch": 10, "_timestamp": 1670605588.910441, "loss": 101789.7265625, "mse": 101789.7265625, "val_loss": 122465.3359375, "val_mse": 122465.3359375, "lr": 0.00020000000949949026, "_runtime": 7697.044091939926, "_step": 10, "best_val_loss": 120345.0390625, "best_epoch": 7}