{"epoch": 26, "_timestamp": 1671221602.8207512, "loss": 73152.9140625, "mse": 73152.9140625, "correlation": 0.4315720200538635, "val_loss": 73922.6171875, "val_mse": 73922.6171875, "val_correlation": 0.36100107431411743, "lr": 1.6000001323845936e-06, "_runtime": 37801.996690273285, "_step": 26, "best_val_loss": 71272.8828125, "best_epoch": 14, "_wandb": {"runtime": 87891}}