{"epoch": 21, "_timestamp": 1671406123.1541264, "loss": 74317.8125, "mse": 74317.8125, "correlation": 0.6250076293945312, "val_loss": 76210.4609375, "val_mse": 76210.4609375, "val_correlation": 0.5263323783874512, "lr": 1.6000001323845936e-06, "_runtime": 17027.476113319397, "_step": 21, "best_val_loss": 74296.9765625, "best_epoch": 9, "_wandb": {"runtime": 62959}}