{"epoch": 19, "_timestamp": 1671130277.0757644, "loss": 127408.5546875, "mse": 127408.5546875, "correlation": 0.4386707544326782, "val_loss": 154481.125, "val_mse": 154481.125, "val_correlation": 0.28482213616371155, "lr": 8.000000889296643e-06, "_runtime": 18625.46921133995, "_step": 19, "best_val_loss": 145597.0625, "best_epoch": 7, "_wandb": {"runtime": 70152}}