{"epoch": 23, "_timestamp": 1671334621.2600977, "loss": 55707.96484375, "mse": 55707.96484375, "correlation": 0.6167067885398865, "val_loss": 76850.8125, "val_mse": 76850.8125, "val_correlation": 0.4409996271133423, "lr": 8.000000889296643e-06, "_runtime": 20416.61460375786, "_step": 23, "best_val_loss": 70675.9375, "best_epoch": 11, "_wandb": {"runtime": 75665}}