{"epoch": 18, "_timestamp": 1671036928.5661314, "loss": 82587.4296875, "mse": 82587.4296875, "correlation": 0.5682026743888855, "val_loss": 90237.59375, "val_mse": 90237.59375, "val_correlation": 0.5511510372161865, "lr": 8.000000889296643e-06, "_runtime": 25982.34966635704, "_step": 18, "best_val_loss": 89055.5390625, "best_epoch": 6, "_wandb": {"runtime": 89569}}