{"epoch": 15, "_timestamp": 1671198797.9888089, "loss": 76112.453125, "mse": 76112.453125, "correlation": 0.44166669249534607, "val_loss": 76199.6953125, "val_mse": 76199.6953125, "val_correlation": 0.3354715406894684, "lr": 8.000000889296643e-06, "_runtime": 24614.99574494362, "_step": 15, "best_val_loss": 73710.7109375, "best_epoch": 3, "_wandb": {"runtime": 90899}}