{"epoch": 19, "_timestamp": 1671397374.6494546, "loss": 89934.8359375, "mse": 89934.8359375, "correlation": 0.5954270958900452, "val_loss": 85769.0234375, "val_mse": 85769.0234375, "val_correlation": 0.5308737754821777, "lr": 1.6000001323845936e-06, "_runtime": 15161.940769672394, "_step": 19, "best_val_loss": 84580.2890625, "best_epoch": 7, "_wandb": {"runtime": 69543}}