{"epoch": 24, "_timestamp": 1671040227.665092, "loss": 64430.2578125, "mse": 64430.2578125, "correlation": 0.5538305640220642, "val_loss": 59394.1015625, "val_mse": 59394.1015625, "val_correlation": 0.5363219380378723, "lr": 3.200000264769187e-07, "_runtime": 30862.908967018127, "_step": 24, "best_val_loss": 58349.03515625, "best_epoch": 12, "_wandb": {"runtime": 76342}}