{"epoch": 20, "_timestamp": 1670802663.6444201, "loss": 64713.76171875, "mse": 64713.76171875, "correlation": 0.5506693720817566, "val_loss": 77257.640625, "val_mse": 77257.640625, "val_correlation": 0.5219123959541321, "lr": 1.6000001323845936e-06, "_runtime": 16645.186063051224, "_step": 20, "best_val_loss": 73998.6484375, "best_epoch": 8, "_wandb": {"runtime": 16644}}