{"epoch": 19, "_timestamp": 1671202579.3713682, "loss": 121759.2109375, "mse": 121759.2109375, "correlation": 0.5141192078590393, "val_loss": 120509.3515625, "val_mse": 120509.3515625, "val_correlation": 0.41766414046287537, "lr": 1.6000001323845936e-06, "_runtime": 28157.568124055862, "_step": 19, "best_val_loss": 118049.1484375, "best_epoch": 7, "_wandb": {"runtime": 84677}}