{"epoch": 17, "_timestamp": 1671037794.7005448, "loss": 65493.6953125, "mse": 65493.6953125, "correlation": 0.5423832535743713, "val_loss": 68433.953125, "val_mse": 68433.953125, "val_correlation": 0.543175458908081, "lr": 1.6000001323845936e-06, "_runtime": 26438.179505825043, "_step": 17, "best_val_loss": 67619.015625, "best_epoch": 5, "_wandb": {"runtime": 76839}}