{"epoch": 5, "_timestamp": 1670848377.2870584, "loss": 69095.3203125, "mse": 69095.3203125, "correlation": 9.57072639465332, "val_loss": 65019.03125, "val_mse": 65019.03125, "val_correlation": 8.780774116516113, "lr": 0.0010000000474974513, "_runtime": 5661.750843286514, "_step": 5, "best_val_loss": 60511.2109375, "best_epoch": 4}