{"epoch": 14, "_timestamp": 1671033934.8470354, "loss": 79893.1484375, "mse": 79893.1484375, "correlation": 0.3926214277744293, "val_loss": 70847.46875, "val_mse": 70847.46875, "val_correlation": 0.41992101073265076, "lr": 8.000000889296643e-06, "_runtime": 23037.60058951378, "_step": 14, "best_val_loss": 69398.984375, "best_epoch": 2, "_wandb": {"runtime": 74006}}