{"epoch": 12, "_timestamp": 1671270382.87258, "loss": 123189.2421875, "mse": 123189.2421875, "correlation": 0.5052929520606995, "val_loss": 124782.8046875, "val_mse": 124782.8046875, "val_correlation": 0.4754861295223236, "lr": 0.00020000000949949026, "_runtime": 12102.253947019577, "_step": 12, "best_val_loss": 124579.640625, "best_epoch": 10}