{"epoch": 5, "_timestamp": 1671548977.6030595, "loss": 103963.078125, "mse": 103963.078125, "correlation": 0.3850799798965454, "val_loss": 102095.09375, "val_mse": 102095.09375, "val_correlation": 0.4396960437297821, "lr": 0.0010000000474974513, "_runtime": 4673.176082611084, "_step": 5, "best_val_loss": 101356.328125, "best_epoch": 2}