{"epoch": 11, "_timestamp": 1671270246.8684294, "loss": 86987.9609375, "mse": 86987.9609375, "correlation": 0.4443555772304535, "val_loss": 86577.265625, "val_mse": 86577.265625, "val_correlation": 0.4360753893852234, "lr": 0.00020000000949949026, "_runtime": 9213.156351327896, "_step": 11, "best_val_loss": 86577.265625, "best_epoch": 11}